CDR3.alpha.aa,CDR3.beta.aa,Species,Category,Pathology,Pathology.Mesh.ID,Additional.study.details,Antigen.identification.method,Single.cell,NGS,Antigen.protein,Protein.ID,Epitope.peptide,Epitope.ID,MHC,Tissue,T.Cell.Type,T.cell.characteristics,CDR3.alpha.nt,TRAV,TRAJ,TRBV,TRBD,TRBJ,Reconstructed.J.annotation,CDR3.beta.nt,Mouse.strain,PubMed.ID,Remarks,Celiac_Disease
CALIPGGQKLLF,CAAGETSGVSYNEQF,Human,Cancer,Melanoma,D008545,,2.2,No,No,,,,,HLA-A*02,Metastatic Melanoma,CD8,TIL,GTGCTCTAATCCCAGGAGGCCAGAAGCTGCTCTTT,TRAV9,TRAJ16,TRBV22,TRBD2-1,TRBJ2-1,No,GTGCCGCTGGGGAGACTAGCGGGGTGTCGTACAATGAGCAGTTC,,7511820,,No
CAENMMNTGNQF,CASRPTITVPYSNQPQHF,Human,Cancer,Melanoma,D008545,,2.2,No,No,,,,,HLA-A*01,Metastatic Melanoma,CD8,TIL,GAGAATATGATGAACACCGGTAACCAGTTCTATTTTGGGACAGGGACAAGTTTGACGGTCATTCCAA,TRAV8-2,TRAJ49,TRBV13,TRBD1-1,TRBJ1-5,No,GTGCCTGTGCCAGCCGACCTACTATAACGGTCCCGTATAGCAATCAGCCCCAGCATTTTGGTGATGGGAC,,7511820,,No
CAYRGLGVV,CASRPTITVPYSNQPQHF,Human,Cancer,Melanoma,D008545,,2.2,No,No,,,,,HLA-A*01,Metastatic Melanoma,CD8,TIL,GAGAATATGATGAACACCGGTAACCAGTTCTATTTTGGGACA,TRAV14-1,TRAJ32,TRBV13,TRBD1-1,TRBJ1-5,No,GTGCCTGTGCCAGCCGACCTACTATAACGGTCCCGTATAGCAATCAGCCCCAGCATTTTGGTGATGGGAC,,7511820,,No
CAVGATGNQF,CASSQDLLSWDEQF,Human,Cancer,Melanoma,D008545,,2.2,No,No,,,,,HLA-A*02,Metastatic Melanoma,CD8,TIL,GTGCTGTGGGTGCCACCGGTAACCAGTTC,TRAV1,TRAJ49,TRBV7,TRBD2-1,TRBJ2-1,No,TGTGCCAGCAGCTCAAGATCTCCTGAGTTGGGATGAGCAGTTC,,7511820,,No
CAVTIGFGNVLHCGSGTQVIVLPHIQ,CASSLGNEQF,Human,Cancer,Melanoma,D008545,,2.4,No,No,Melan-A/MART-1,Q16655,EAAGIGILTV,10987.0,HLA-A*02,Tumor Tissue,,,TGTGCCGTTACGATAGGCTTTGGGAATGTGCTGCATTGCGGGTCCGGCACTCAAGTGATTGTTTTACCACATATCCAG,TRAV2,TRAJ35,TRBV19,,TRBJ2-1,No,TGTGCCAGCAGTCTTGGCAATGAGCAGTTCTTCGGGCCAGGGACACGGCTCACCGTGCTAGAGGACCTG,,7777568,,No
CASGGGADGLTFPYIQF,CASSLGVATGELF,Human,Cancer,Melanoma,D008545,,2.4,No,No,Melan-A/MART-1,Q16655,EAAGIGILTV,10987.0,HLA-A*02,Tumor Tissue,,,TGTGCCTCAGGAGGAGGTGCTGACGGACTCACCTTTGGCAAAGGGACTCATCTAATCATCCAGCCCTATATCCAG,TRAV2,TRAJ45,TRBV19,,TRBJ2-2,No,TGTGCCAGCAGTTTAGGGGTAGCGACCGGGGAGCTGTTTTTTGGAGAAGGCTCTAGGCTGACCGTACTGGAGGACCTG,,7777568,,No
CAASPPESGGYNKLIF,CASSQEEGGGSWGNTIYF,Human,Cancer,Melanoma,D008545,,2.4,No,No,Melan-A/MART-1,Q16655,EAAGIGILTV,10987.0,HLA-A*02,Tumor Tissue,,,TGTGCAGCAAGCCCGCCGGAATCTGGTGGCTACAATAAGCTGATTTTTGGAGCAGGGACCAGGCTGGCTGTACACCCATATATCCAG,TRAV21,TRAJ4,TRBV19,,TRBJ1-3,No,TGTGCCAGCAGCCAAGAAGAGGGAGGAGGGTCTTGGGGAAACACCATATATTTTGGAGAGGGAAGTTGGCTCACTGTTGTAGAGGACCTG,,7777568,,No
CAAYYGGSOGNLIF,CASSQEGLAGASQYF,Human,Cancer,Melanoma,D008545,,2.4,No,No,Melan-A/MART-1,Q16655,EAAGIGILTV,10987.0,HLA-A*02,Tumor Tissue,,,TGTGCCGCATATTATGGAGGAAGCCAAGGAAATCTCATCTTTGGAAAAGGCACTAAACTCTCTGTTAAACCAAATATCCAG,TRAV21,TRAJ42,TRBV19,,TRBJ2-4,No,TGTGCCAGCAGCCAAGAGGGACTAGCGGGAGCGTCGCAGTACTTCGGGCCGGGCACCAQGCTCACGGTCACAGAGGACCTG,,7777568,,No
CAGAREYGNKLVF,CASSQGQLTDTQYF,Human,Cancer,Melanoma,D008545,,2.4,No,No,Melan-A/MART-1,Q16655,EAAGIGILTV,10987.0,HLA-A*02,Tumor Tissue,,,TGTGCAGGAGCTCGGGAATATGGAAACAAACTGGTCTTTGGCGCAGGAACCATTCTGAGAGTCAAGTCCTATATCCAG,TRAV10,TRAJ47,TRBV19,,TRBJ2-3,No,TGCGCCAGCAGCCAAGGACAGCTCACAGATACGCAGTATTTTGGCCCAGGCACCCGGCTGACAGTGCTCGAGGACCTG,,7777568,,No
CAVNIGFGNVLHCGSGTQVIVLPHIQ,CASSRTVGGPNEQF,Human,Cancer,Melanoma,D008545,,2.4,No,No,Melan-A/MART-1,Q16655,EAAGIGILTV,10987.0,HLA-A*02,Tumor Tissue,,,TGTGCCGTGAACATAGGCTTTGGGAATGTGCTGCATTGCGGGTCCGGCACTCAAGTGATTGTTTTACCACATATCCAG,TRAV2,TRAJ35,TRBV19,,TRBJ2-1,No,TGTGCCAGCAGTCGGACTGTCGGGGGGCCCAATGAGCAGTTCTTCGGGCCAGGGACACGGCTCACCGTGCTAGAGGACCTG,,7777568,,No
CAVNTGGFKTIF,CASSTGQGWGSF,Human,Cancer,Melanoma,D008545,,2.4,No,No,Melan-A/MART-1,Q16655,EAAGIGILTV,10987.0,HLA-A*02,Tumor Tissue,,,TGTGCCGTGAATACTGGAGGCTTCAAAACTATCTTTGGAGCAGGAACAAGACTATTTGTTAAAGCAAATATCCAG,TRAV2,TRAJ9,TRBV19,,,No,TGTGCCAGCAGCACGGGACAGGGGTGGGGCTCCTTCGGTTCGGGGACCAGGTTAACCGTTGTAGAGGACCTG,,7777568,,No
CAVNPGNMLTF,CSTDGQTGTGELF,Human,Cancer,Melanoma,D008545,,2.4,No,No,Melan-A/MART-1,Q16655,EAAGIGILTV,10987.0,HLA-A*02,Tumor Tissue,,,TGTGCCGTGAACCCAGGCAACATGCTCACCTTTGGAGGGGGAACAAGGTTAATGGTCAAACCCCATATCCAG,TRAV2,TRAJ39,TRBV19,,TRBJ2-2,No,TGCAGCACTGATGGGCAGACCGGCACCGGGGAGCTGTTTTTTGGAGAAGGCTCTAGGCTGACCGTACTGGAGGACCTG,,7777568,,No
CADWGQF,CASSQDTGNWGQRPDF,Human,Cancer,Melanoma,D008545,,2.4,No,No,Melan-A/MART-1,Q16655,EAAGIGILTV,10987.0,HLA-A*02,Tumor Tissue,,,TGTGCGGACTGGGGCCAATTTGGAAATGAGAAATTAACCTTTGGGACTGGAACAAGACTCACCATCATACCCAATATCCAG,TRAV8,TRAJ48,TRBV19,,,No,,,7777568,,No
CAVKDSTLTF,CASSQDTGNWGQRPDF,Human,Cancer,Melanoma,D008545,,2.4,No,No,Melan-A/MART-1,Q16655,EAAGIGILTV,10987.0,HLA-A*02,Tumor Tissue,,,TGTGCCGTGAAAGACAGCACCCTCACCTTTGGGAAGGGGACTATGCTTCTAGTCTCTCCAGATATCCAG,TRAV2,TRAJ1,TRBV19,,,No,,,7777568,,No
CAMREGTGRRALTF,CASRNPLRTEAF,Human,Cancer,Melanoma,D008545,Autologous melanoma,2.4,No,No,,,,,HLA-B*14,Tumor Tissue,CD8,,,TRAV12-2,,TRBV13,,TRBJ1-1,No,,,8339262,,No
CAMREGTGRRALTF,CASRRLAVGNEQF,Human,Cancer,Melanoma,D008545,Autologous melanoma,2.4,No,No,,,,,HLA-B*14,Tumor Tissue,CD8,,,TRAV12-2,,TRBV13,,TRBJ2-1,No,,,8339262,,No
CAMREGTGRRALTF,CASSERRNTEAF,Human,Cancer,Melanoma,D008545,Autologous melanoma,2.4,No,No,,,,,HLA-B*14,Tumor Tissue,CD8,,,TRAV12-2,,TRBV13,,TRBJ1-1,No,,,8339262,,No
CAMREGTGRRALTF,CASSFRSAPPNTEAF,Human,Cancer,Melanoma,D008545,Autologous melanoma,2.4,No,No,,,,,HLA-B*14,Tumor Tissue,CD8,,,TRAV12-2,,TRBV13,,TRBJ2-7,No,,,8339262,,No
CAMREGTGRRALTF,CASSLDRGGTEAF,Human,Cancer,Melanoma,D008545,Autologous melanoma,2.4,No,No,,,,,HLA-B*14,Tumor Tissue,CD8,,,TRAV12-2,,TRBV13,,TRBJ1-1,No,,,8339262,,No
CAMREGTGRRALTF,CASSWGGDTEAF,Human,Cancer,Melanoma,D008545,Autologous melanoma,2.4,No,No,,,,,HLA-B*14,Tumor Tissue,CD8,TIL,,TRAV12-2,,TRBV13,,TRBJ1-1,No,,,8339262,,No
CAMREGTGRRALTF,CASSYGRDGYEQYF,Human,Cancer,Melanoma,D008545,Autologous melanoma,2.4,No,No,,,,,HLA-B*14,Tumor Tissue,CD8,,,TRAV12-2,,TRBV13,,TRBJ2-7,No,,,8339262,,No
CAMREGTGRRALTF,CASSYRITYEQYF,Human,Cancer,Melanoma,D008545,Autologous melanoma,2.4,No,No,,,,,HLA-B*14,Tumor Tissue,CD8,,,TRAV12-2,,TRBV13,,TRBJ2-7,No,,,8339262,,No
CAMREGTGRRALTF,CASSYSYEQYF,Human,Cancer,Melanoma,D008545,Autologous melanoma,2.4,No,No,,,,,HLA-B*14,Tumor Tissue,CD8,,,TRAV12-2,,TRBV13,,TRBJ2-7,No,,,8339262,,No
CAMREGTGRRALTF,CASRSSREEQF,Human,Cancer,Melanoma,D008545,,2.5,No,No,,,,,HLA-A*02,Tumor Tissue,CD8,,,TRAV12-2,,TRBV2,TRBD2,TRBJ2-1,No,,,8376931,,No
CAMREGTGRRALTF,CASSTGQGWGSF,Human,Cancer,Melanoma,D008545,,2.5,No,No,,,,,HLA-A*02,Tumor Tissue,CD8,,,TRAV12-2,,TRBV14,TRBD1,TRBJ1-2,No,,,8376931,,No
CAMREGTGRRALTF,CASSYSAASGHGYTF,Human,Cancer,Melanoma,D008545,,2.5,No,No,,,,,HLA-A*02,Tumor Tissue,CD8,,,TRAV12-2,,TRBV13-2,TRBD1,TRBJ1-2,No,TGTGTCCAGCAGTTACTCTTCCTCATCACATGGCTACACCTTC,,8376931,,No
CAMREGTGRRALTF,CSAFDGEAF,Human,Cancer,Melanoma,D008545,,2.5,No,No,,,,,HLA-A*02,Tumor Tissue,CD8,,,TRAV12-2,,TRBV2-01,TRBD1,TRBJ1-1,No,TGCAGTGCTTTTGACGGTGAAGCTTTT,,8376931,,No
CAMREGTGRRALTF,CSAKSRVYGYTF,Human,Cancer,Melanoma,D008545,,2.5,No,No,,,,,HLA-A*02,Tumor Tissue,CD8,,,TRAV12-2,,TRBV2-01,TRBD1,TRBJ2-1,No,TGCAGTGCAAGTCCAGGGTTTATGGCTACACCTTC,,8376931,,No
CAMREGTGRRALTF,CASSIQSGGYEQYF,Human,Cancer,Melanoma,D008545,,3.0,No,No,,,,,,Tumor Tissue,CD8,,,TRAV12-2,,TRBV19,,TRBJ2-7,No,,,8450047,,No
CAMREGTGRRALTF,CASSLLQGPNYGYTF,Human,Cancer,Melanoma,D008545,,3.0,No,No,,,,,,Tumor Tissue,CD8,,,TRAV12-2,,TRBV19,,TRBJ1-2,No,,,8450047,,No
CAMREGTGRRALTF,CASSLRDSWNYEQF,Human,Cancer,Melanoma,D008545,,3.0,No,No,,,,,,Tumor Tissue,CD8,,,TRAV12-2,,TRBV16,,TRBJ2-1,No,,,8450047,,No
CAMREGTGRRALTF,CASSQGVRKAKNIQYF,Human,Cancer,Melanoma,D008545,,3.0,No,No,,,,,,Tumor Tissue,CD8,,,TRAV12-2,,TRBV16,,TRBJ2-4,No,,,8450047,,No
CAMREGTGRRALTF,CSVEENGREYNEQF,Human,Cancer,Melanoma,D008545,,3.0,No,No,,,,,,Tumor Tissue,CD8,,,TRAV12-2,,TRBV4,,TRBJ2-1,No,,,8450047,,No
CAMREGTGRRALTF,CSVEQTSVVVEQF,Human,Cancer,Melanoma,D008545,,3.0,No,No,,,,,,Tumor Tissue,CD8,,,TRAV12-2,,TRBV4,,TRBJ2-1,No,,,8450047,,No
CAMREGTGRRALTF,CASSLGSSYEQYF,Human,Cancer,Melanoma,D008545,,2.1,No,No,gp100,P40967,YLEPGPVTA,74638.0,HLA-A2,PBMC,,,,TRAV12-2,,TRBV27,,TRBJ2-7,No,,,8752841,,No
CASPDAGGTSYGKLT,CASLAGQGYNEQF,Human,Cancer,Melanoma,D008545,,2.1,No,No,MAGE-1,P43355,SAYGEPRKL,502135.0,HLA-Cw* 16:01,PBMC,CD8,,,TRAV2,TRAJ5-1,TRBV4,,TRBJ2-1,No,,,8921424,,No
CAAPQAGTALIF,CASLGAQNNEQF,Human,Cancer,Melanoma,D008545,,2.1,No,No,BAGE,Q29RY1,AARAVFLAL,,HLA-Cw* 16:01,PBMC,CD8,,,TRAV8-2,TRAJ15,TRBV12,,TRBJ2-1,No,,,8921424,,No
CASIGSGGGADGLTF,CASRLWFWALEAF,Human,Cancer,Melanoma,D008545,,2.1,No,No,MAGE-1,P43355,SAYGEPRKL,502135.0,HLA-Cw* 16:01,PBMC,CD8,,,TRAV8,,TRBV6,,TRBJ1-1,No,,,8921424,,No
CTDVSTGGFKTIF,CASSYSTGDEQYF,Human,Cancer,Melanoma,D008545,,2.1,No,No,BAGE,Q29RY1,AARAVFLAL,,HLA-Cw* 16:01,PBMC,CD8,,,TRAV3,TRAJ9,TRBV6,,TRBJ2-7,No,,,8921424,,No
CTDLNTGGFKTIF,CASSYSTGDEQYF,Human,Cancer,Melanoma,D008545,,2.1,No,No,BAGE,Q29RY1,AARAVFLAL,,HLA-Cw* 16:01,PBMC,CD8,,,TRAV3,TRAJ9,TRBV6,,TRBJ2-7,No,,,8921424,,No
CVVKKNNTDKLIF,CASSQGTSQFNEQF,Human,Cancer,Melanoma,D008545,,2.1,No,No,Melan-A/MART-1,Q16655,EAAGIGILTV,10987.0,HLA-A*02,Lymph Nodes,CD8,,,TRAV2,TRAJ2,TRBV7,,TRBJ2-1,No,,,9103444,,No
CAVGLGGANNLFF,CASSSGQGLNIQYF,Human,Cancer,Melanoma,D008545,,2.1,No,No,Melan-A/MART-1,Q16655,EAAGIGILTV,10987.0,HLA-A*02,Lymph Nodes,CD8,,,TRAV9,TRAJ5,TRBV4,,TRBJ2-4,No,,,9103444,,No
CAMREGTGRRALTF,CASRYSVRRYTF,Human,Cancer,Melanoma,D008545,,2.1,No,No,Melan-A/MART-1,Q16655,EAAGIGILTV,10987.0,,Tumor Tissue,,,,TRAV12-2,,TRBV23,TRBD1,TRBJ2-1,No,,,10916751,,No
CAMREGTGRRALTF,CASSFAGQESTDTQYF,Human,Cancer,Melanoma,D008545,,2.1,No,No,Melan-A/MART-1,Q16655,EAAGIGILTV,10987.0,,Tumor Tissue,,,,TRAV12-2,,TRBV23,TRBD2,TRBJ2-3,No,,,10916751,,No
CAMREGTGRRALTF,CASSLAGGEQYF,Human,Cancer,Melanoma,D008545,,2.1,No,No,Melan-A/MART-1,Q16655,EAAGIGILTV,10987.0,,Tumor Tissue,,,,TRAV12-2,,TRBV23,TRBD2,TRBJ2-7,No,,,10916751,,No
CAMREGTGRRALTF,CASSWAGRDDVIQTF,Human,Cancer,Melanoma,D008545,,2.1,No,No,Melan-A/MART-1,Q16655,EAAGIGILTV,10987.0,,Tumor Tissue,,,,TRAV12-2,,TRBV17,TRBD2,TRBJ2-4,No,,,10916751,,No
CAMREGTGRRALTF,CSAPPGPLGGGEQF,Human,Cancer,Melanoma,D008545,,2.1,No,No,Melan-A/MART-1,Q16655,EAAGIGILTV,10987.0,,Tumor Tissue,,,,TRAV12-2,,TRBV2,TRBD2,TRBJ2-1,No,,,10916751,,No
CAMREGTGRRALTF,CSASEPGLAENIQYF,Human,Cancer,Melanoma,D008545,,2.1,No,No,Melan-A/MART-1,Q16655,EAAGIGILTV,10987.0,,Tumor Tissue,,,,TRAV12-2,,TRBV2,TRBD2,TRBJ2-4,No,,,10916751,,No
CAMREGTGRRALTF,CASGDGGVREQF,Human,Cancer,Melanoma,D008545,Pre treatment,3.0,No,No,,,,,,Tumor Tissue,CD8,,,TRAV12-2,,TRBV22,,TRBJ2-1,No,,,11122136,,No
CAMREGTGRRALTF,CASGDGGVREQF,Human,Cancer,Melanoma,D008545,"Post chemotherapy and progenitor
 cell rescue",3.0,No,No,,,,,,Tumor Tissue,CD8,,,TRAV12-2,,TRBV22,,TRBJ2-1,No,,,11122136,,No
CAMREGTGRRALTF,CASKDGARGYGYTF,Human,Cancer,Melanoma,D008545,Pre treatment,3.0,No,No,,,,,,Tumor Tissue,CD8,,,TRAV12-2,,TRBV3,,TRBJ1-2,No,,,11122136,,No
CAMREGTGRRALTF,CASRPMRTSYEQYF,Human,Cancer,Melanoma,D008545,Pre treatment,3.0,No,No,,,,,,Tumor Tissue,CD8,,,TRAV12-2,,TRBV3,,TRBJ2-7,No,,,11122136,,No
CAMREGTGRRALTF,CASRPMRTSYEQYF,Human,Cancer,Melanoma,D008545,"Post chemotherapy and progenitor
 cell rescue",3.0,No,No,,,,,,Tumor Tissue,CD8,,,TRAV12-2,,TRBV3,,TRBJ2-7,No,,,11122136,,No
CAMREGTGRRALTF,CASRSVRGNTEAF,Human,Cancer,Melanoma,D008545,Pre treatment,3.0,No,No,,,,,,Tumor Tissue,CD8,,,TRAV12-2,,TRBV22,,TRBJ1-1,No,,,11122136,,No
CAMREGTGRRALTF,CASRVGPNYEQYF,Human,Cancer,Melanoma,D008545,Pre treatment,3.0,No,No,,,,,,Tumor Tissue,CD8,,,TRAV12-2,,TRBV22,,TRBJ2-7,No,,,11122136,,No
CAMREGTGRRALTF,CASRVGPNYEQYF,Human,Cancer,Melanoma,D008545,"Post chemotherapy and progenitor
 cell rescue",3.0,No,No,,,,,,Tumor Tissue,CD8,,,TRAV12-2,,TRBV22,,TRBJ2-7,No,,,11122136,,No
CAMREGTGRRALTF,CASSDGGIGKQYF,Human,Cancer,Melanoma,D008545,Pre treatment,3.0,No,No,,,,,,Tumor Tissue,CD8,,,TRAV12-2,,TRBV22,,TRBJ2-7,No,,,11122136,,No
CAMREGTGRRALTF,CASSDGGIGKQYF,Human,Cancer,Melanoma,D008545,"Post chemotherapy and progenitor
 cell rescue",3.0,No,No,,,,,,Tumor Tissue,CD8,,,TRAV12-2,,TRBV22,,TRBJ2-7,No,,,11122136,,No
CAMREGTGRRALTF,CASSDGGIHEQF,Human,Cancer,Melanoma,D008545,Pre treatment,3.0,No,No,,,,,,Tumor Tissue,CD8,,,TRAV12-2,,TRBV22,,TRBJ2-1,No,,,11122136,,No
CAMREGTGRRALTF,CASSDGGIHEQF,Human,Cancer,Melanoma,D008545,"Post chemotherapy and progenitor
 cell rescue",3.0,No,No,,,,,,Tumor Tissue,CD8,,,TRAV12-2,,TRBV22,,TRBJ2-1,No,,,11122136,,No
CAMREGTGRRALTF,CASSDGGISGYTF,Human,Cancer,Melanoma,D008545,Pre treatment,3.0,No,No,,,,,,Tumor Tissue,CD8,,,TRAV12-2,,TRBV22,,TRBJ1-2,No,,,11122136,,No
CAMREGTGRRALTF,CASSDGGISGYTF,Human,Cancer,Melanoma,D008545,"Post chemotherapy and progenitor
 cell rescue",3.0,No,No,,,,,,Tumor Tissue,CD8,,,TRAV12-2,,TRBV22,,TRBJ1-2,No,,,11122136,,No
CAMREGTGRRALTF,CASSDRAGDYNEQF,Human,Cancer,Melanoma,D008545,"Post chemotherapy and progenitor
 cell rescue",3.0,No,No,,,,,,Tumor Tissue,CD8,,,TRAV12-2,,TRBV22,,TRBJ2-1,No,,,11122136,,No
CAMREGTGRRALTF,CASSEDNPIEQYF,Human,Cancer,Melanoma,D008545,"Post chemotherapy and progenitor
 cell rescue",3.0,No,No,,,,,,Tumor Tissue,CD8,,,TRAV12-2,,TRBV22,,TRBJ2-7,No,,,11122136,,No
CAMREGTGRRALTF,CASSEYLNTEAF,Human,Cancer,Melanoma,D008545,Pre treatment,3.0,No,No,,,,,,Tumor Tissue,CD8,,,TRAV12-2,,TRBV22,,TRBJ1-1,No,,,11122136,,No
CAMREGTGRRALTF,CASSLGGGMVGYTF,Human,Cancer,Melanoma,D008545,Pre treatment,3.0,No,No,,,,,,Tumor Tissue,CD8,,,TRAV12-2,,TRBV22,,TRBJ1-2,No,,,11122136,,No
CAMREGTGRRALTF,CASSLGGGMVGYTF,Human,Cancer,Melanoma,D008545,"Post chemotherapy and progenitor
 cell rescue",3.0,No,No,,,,,,Tumor Tissue,CD8,,,TRAV12-2,,TRBV22,,TRBJ1-2,No,,,11122136,,No
CAMREGTGRRALTF,CASSLGLLAGGSETQYF,Human,Cancer,Melanoma,D008545,Pre treatment,3.0,No,No,,,,,,Tumor Tissue,CD8,,,TRAV12-2,,TRBV22,,TRBJ2-5,No,,,11122136,,No
CAMREGTGRRALTF,CASSLKNSPLHF,Human,Cancer,Melanoma,D008545,Pre treatment,3.0,No,No,,,,,,Tumor Tissue,CD8,,,TRAV12-2,,TRBV22,,TRBJ1-6,No,,,11122136,,No
CAMREGTGRRALTF,CASSPNDNEQF,Human,Cancer,Melanoma,D008545,Pre treatment,3.0,No,No,,,,,,Tumor Tissue,CD8,,,TRAV12-2,,TRBV3,,TRBJ2-1,No,,,11122136,,No
CAMREGTGRRALTF,CASSPQTPSLSGNTIYF,Human,Cancer,Melanoma,D008545,Pre treatment,3.0,No,No,,,,,,Tumor Tissue,CD8,,,TRAV12-2,,TRBV22,,TRBJ1-3,No,,,11122136,,No
CAMREGTGRRALTF,CASSQADEQF,Human,Cancer,Melanoma,D008545,"Post chemotherapy and progenitor
 cell rescue",3.0,No,No,,,,,,Tumor Tissue,CD8,,,TRAV12-2,,TRBV22,,TRBJ2-1,No,,,11122136,,No
CAMREGTGRRALTF,CASSTGLEQYF,Human,Cancer,Melanoma,D008545,Pre treatment,3.0,No,No,,,,,,Tumor Tissue,CD8,,,TRAV12-2,,TRBV22,,TRBJ2-7,No,,,11122136,,No
CAMREGTGRRALTF,CASNPPEGNTQYF,Human,Cancer,Melanoma,D008545,Post cytokine treatment,3.0,No,No,,,,,,Melanoma Metastases,,,,TRAV12-2,,TRBV7,,TRBJ2-3,No,,,12839930,,No
CAMREGTGRRALTF,CASSAKSSPGQGSTGELF,Human,Cancer,Melanoma,D008545,Post cytokine treatment,3.0,No,No,,,,,,Melanoma Metastases,,,,TRAV12-2,,TRBV11,,TRBJ2-2,No,,,12839930,,No
CAMREGTGRRALTF,CASSDSNRERNQPQHF,Human,Cancer,Melanoma,D008545,Post cytokine treatment,3.0,No,No,,,,,,Melanoma Metastases,,,,TRAV12-2,,TRBV11,,TRBJ1-5,No,,,12839930,,No
CAMREGTGRRALTF,CASSDSTGERNQPQHF,Human,Cancer,Melanoma,D008545,Post cytokine treatment,3.0,No,No,,,,,,Melanoma Metastases,,,,TRAV12-2,,TRBV11,,TRBJ1-5,No,,,12839930,,No
CAMREGTGRRALTF,CASSDSTGERSQPQHF,Human,Cancer,Melanoma,D008545,Post cytokine treatment,3.0,No,No,,,,,,Melanoma Metastases,,,,TRAV12-2,,TRBV11,,TRBJ1-5,No,,,12839930,,No
CAMREGTGRRALTF,CASSESGRGGLRETQYF,Human,Cancer,Melanoma,D008545,Post cytokine treatment,3.0,No,No,,,,,,Melanoma Metastases,,,,TRAV12-2,,TRBV11,,TRBJ2-5,No,,,12839930,,No
CAMREGTGRRALTF,CASSESGRGTRETQYF,Human,Cancer,Melanoma,D008545,Post cytokine treatment,3.0,No,No,,,,,,Melanoma Metastases,,,,TRAV12-2,,TRBV11,,TRBJ2-5,No,,,12839930,,No
CAMREGTGRRALTF,CASSFTASNQPQHF,Human,Cancer,Melanoma,D008545,Post cytokine treatment,3.0,No,No,,,,,,Melanoma Metastases,,,,TRAV12-2,,TRBV19,,TRBJ1-5,No,,,12839930,,No
CAMREGTGRRALTF,CASSLVNEQF,Human,Cancer,Melanoma,D008545,Post cytokine treatment,3.0,No,No,,,,,,Melanoma Metastases,,,,TRAV12-2,,TRBV3,,TRBJ2-1,No,,,12839930,,No
CAMREGTGRRALTF,CASSLWGAGQGTNEKLF,Human,Cancer,Melanoma,D008545,Post cytokine treatment,3.0,No,No,,,,,,Melanoma Metastases,,,,TRAV12-2,,TRBV3,,TRBJ1-4,No,,,12839930,,No
CAMREGTGRRALTF,CASSPDLFGSTEAF,Human,Cancer,Melanoma,D008545,Post cytokine treatment,3.0,No,No,,,,,,Melanoma Metastases,,,,TRAV12-2,,TRBV7,,TRBJ1-1,No,,,12839930,,No
CAMREGTGRRALTF,CASSPPEGNTQYF,Human,Cancer,Melanoma,D008545,Post cytokine treatment,3.0,No,No,,,,,,Melanoma Metastases,,,,TRAV12-2,,TRBV7,,TRBJ2-3,No,,,12839930,,No
CAMREGTGRRALTF,CASSQDLFGSTEAF,Human,Cancer,Melanoma,D008545,Post cytokine treatment,3.0,No,No,,,,,,Melanoma Metastases,,,,TRAV12-2,,TRBV7,,TRBJ1-1,No,,,12839930,,No
CAMREGTGRRALTF,CASSSIAGDNEQF,Human,Cancer,Melanoma,D008545,Post cytokine treatment,3.0,No,No,,,,,,Melanoma Metastases,,,,TRAV12-2,,TRBV3,,TRBJ2-7,No,,,12839930,,No
CAMREGTGRRALTF,CSAEDPGAPPDTQYF,Human,Cancer,Melanoma,D008545,Post cytokine treatment,3.0,No,No,,,,,,Melanoma Metastases,,,,TRAV12-2,,TRBV4,,TRBJ2-3,No,,,12839930,,No
CAMREGTGRRALTF,CSVEDPGAPPDTQYF,Human,Cancer,Melanoma,D008545,Post cytokine treatment,3.0,No,No,,,,,,Melanoma Metastases,,,,TRAV12-2,,TRBV4,,TRBJ2-3,No,,,12839930,,No
CAMREGTGRRALTF,CSAPSGGALYNEQF,Human,Cancer,Melanoma,D008545,,2.2,No,No,IL-2,P60568,,,,Melanoma tumor,,,,TRAV12-2,,TRBV20-01,,TRBJ2-7,No,,,15585890,,No
